{
  "feature_range": [
    -0.95,
    0.95
  ],
  "min_vals": {
    "leader": [
      -36.5625,
      18.193359375,
      31.640625,
      -39.814453125,
      -110.654296875,
      8.525390625
    ],
    "follower": [
      -37.001953125,
      18.984375,
      28.388671875,
      -43.2421875,
      -111.4453125,
      -8.876953125
    ]
  },
  "max_vals": {
    "leader": [
      52.470703125,
      131.044921875,
      177.5390625,
      22.67578125,
      2.021484375,
      36.03515625
    ],
    "follower": [
      52.470703125,
      133.505859375,
      179.82421875,
      22.32421875,
      2.63671875,
      36.650390625
    ]
  }
}